"","subj_id","word","t"
"1","5d4c78071b920f00198e8533","KENTUCKY",56.214
"2","5d4c78071b920f00198e8533","SHAKIRA",31.0472000000002
"3","5d4c78071b920f00198e8533","THIRTY FOUR",41.528
"4","5d4c78071b920f00198e8533","NECTARINE",17.8949000000004
"5","5d4c78071b920f00198e8533","THUMB",49.8616000000006
"6","5589565cfdf99b6bd06016dc","KENTUCKY",56.225099999994
"7","5589565cfdf99b6bd06016dc","SHAKIRA",31.056200000003
"8","5589565cfdf99b6bd06016dc","THIRTY FOUR",41.5313000000119
"9","5589565cfdf99b6bd06016dc","NECTARINE",17.89
"10","5589565cfdf99b6bd06016dc","THUMB",49.8513999999911
"11","66743dc61dc3fc51cbb8fefd","USAIN BOLT",48.229
"12","66743dc61dc3fc51cbb8fefd","HAWAII",28.397099999994
"13","66743dc61dc3fc51cbb8fefd","WRIST",54.013400000006
"14","66743dc61dc3fc51cbb8fefd","NECTARINE",39.752799999997
"15","66743dc61dc3fc51cbb8fefd","THIRTY FOUR",36.682599999994
"16","5e79340b6d9a624e3f39586d","USAIN BOLT",48.2373999999762
"17","5e79340b6d9a624e3f39586d","HAWAII",28.398
"18","5e79340b6d9a624e3f39586d","WRIST",54.0093999999762
"19","5e79340b6d9a624e3f39586d","NECTARINE",39.7422999999523
"20","5e79340b6d9a624e3f39586d","THIRTY FOUR",36.6863999999762
"21","667ff3711e30726d16f919c7","SHAKIRA",33.7255
"22","667ff3711e30726d16f919c7","WRIST",37.8803000000119
"23","667ff3711e30726d16f919c7","THIRTY FOUR",64.5095
"24","667ff3711e30726d16f919c7","FIG",24.774099999994
"25","667ff3711e30726d16f919c7","HAWAII",18.5137000000179
"26","65cba5290b9dca9291cd76ac","SHAKIRA",33.7288999999762
"27","65cba5290b9dca9291cd76ac","WRIST",37.8703000000715
"28","65cba5290b9dca9291cd76ac","THIRTY FOUR",64.5198999999762
"29","65cba5290b9dca9291cd76ac","FIG",24.7748000000715
"30","65cba5290b9dca9291cd76ac","HAWAII",18.5113999999762
"31","662ab80f395e74500f665f5c","KENTUCKY",15.9963999999985
"32","662ab80f395e74500f665f5c","SHAKIRA",31.4968000000007
"33","662ab80f395e74500f665f5c","NECTARINE",80.568700000003
"34","662ab80f395e74500f665f5c","THIRTY FOUR",36.6874000000022
"35","662ab80f395e74500f665f5c","WRIST",30.4498999999985
"36","5e14ffee6f6c63b33cf77eb3","KENTUCKY",16.002
"37","5e14ffee6f6c63b33cf77eb3","SHAKIRA",31.4881999999881
"38","5e14ffee6f6c63b33cf77eb3","NECTARINE",80.5670999999642
"39","5e14ffee6f6c63b33cf77eb3","THIRTY FOUR",36.6913000000119
"40","5e14ffee6f6c63b33cf77eb3","WRIST",30.4434000000358
"41","66798b60f632d63fe56b20ef","NECTARINE",15.8028999996185
"42","66798b60f632d63fe56b20ef","HAWAII",44.3345999994278
"43","66798b60f632d63fe56b20ef","SHAKIRA",31.0552000007629
"44","66798b60f632d63fe56b20ef","THIRTY FOUR",31.6533999996185
"45","66798b60f632d63fe56b20ef","THUMB",67.4213999996185
"46","669007f15b776f0af8ce4069","NECTARINE",15.814
"47","669007f15b776f0af8ce4069","HAWAII",44.328
"48","669007f15b776f0af8ce4069","SHAKIRA",31.048
"49","669007f15b776f0af8ce4069","THIRTY FOUR",31.658
"50","669007f15b776f0af8ce4069","THUMB",67.415
"51","62c44d672834a5c5ce7362f1","KENTUCKY",63.861400000006
"52","62c44d672834a5c5ce7362f1","USAIN BOLT",27.5688999999911
"53","62c44d672834a5c5ce7362f1","NECTARINE",78.972599999994
"54","62c44d672834a5c5ce7362f1","THIRTY FOUR",32.593200000003
"55","62c44d672834a5c5ce7362f1","THUMB",49.8505
"56","5df97cf6deea2b70989b6528","KENTUCKY",63.8545
"57","5df97cf6deea2b70989b6528","USAIN BOLT",27.5778999999762
"58","5df97cf6deea2b70989b6528","NECTARINE",78.9775
"59","5df97cf6deea2b70989b6528","THIRTY FOUR",32.5956000000238
"60","5df97cf6deea2b70989b6528","THUMB",49.8621000000238
"61","63d152b798b6954741aa5015","THIRTY FOUR",28.953
"62","63d152b798b6954741aa5015","HAWAII",60.0483000000715
"63","63d152b798b6954741aa5015","THUMB",41.3219000000954
"64","63d152b798b6954741aa5015","USAIN BOLT",27.5803999999762
"65","63d152b798b6954741aa5015","FIG",51.4616000000238
"66","65a4333efc75f965e7fc0cb5","THIRTY FOUR",28.947299999997
"67","65a4333efc75f965e7fc0cb5","HAWAII",60.041
"68","65a4333efc75f965e7fc0cb5","THUMB",41.3241000000015
"69","65a4333efc75f965e7fc0cb5","USAIN BOLT",27.5661999999955
"70","65a4333efc75f965e7fc0cb5","FIG",51.4578000000045
"71","63d408a690705bd9c54c50a6","FIG",35.4205999999996
"72","63d408a690705bd9c54c50a6","THUMB",44.1970999999996
"73","63d408a690705bd9c54c50a6","USAIN BOLT",40.091
"74","63d408a690705bd9c54c50a6","KENTUCKY",29.7608999999985
"75","63d408a690705bd9c54c50a6","THIRTY FOUR",26.0757000000011
"76","6659ca3aede1cd81f25f5d46","FIG",35.4127999999821
"77","6659ca3aede1cd81f25f5d46","THUMB",44.1941999999881
"78","6659ca3aede1cd81f25f5d46","USAIN BOLT",40.0977000000179
"79","6659ca3aede1cd81f25f5d46","KENTUCKY",29.7718000000119
"80","6659ca3aede1cd81f25f5d46","THIRTY FOUR",26.0768000000119
"81","6629497a938b0963356f7002","WRIST",37.8776000000015
"82","6629497a938b0963356f7002","NECTARINE",30.773200000003
"83","6629497a938b0963356f7002","USAIN BOLT",55.367799999997
"84","6629497a938b0963356f7002","HAWAII",63.847400000006
"85","6629497a938b0963356f7002","THIRTY FOUR",32.7123999999985
"86","612e44861dc0709ab9f444ba","WRIST",37.8771
"87","612e44861dc0709ab9f444ba","NECTARINE",30.7715
"88","612e44861dc0709ab9f444ba","USAIN BOLT",55.3678999999999
"89","612e44861dc0709ab9f444ba","HAWAII",63.8445
"90","612e44861dc0709ab9f444ba","THIRTY FOUR",32.7201000000001
"91","667af6df6d1e576158ef7e96","USAIN BOLT",45.3292000000011
"92","667af6df6d1e576158ef7e96","WRIST",24.7464000000004
"93","667af6df6d1e576158ef7e96","FIG",40.8713999999985
"94","667af6df6d1e576158ef7e96","HAWAII",27.3718000000007
"95","667af6df6d1e576158ef7e96","THIRTY FOUR",28.9523000000007
"96","5748814f7fd0ec000fb6e5bf","USAIN BOLT",45.3262999999523
"97","5748814f7fd0ec000fb6e5bf","WRIST",24.7604000000954
"98","5748814f7fd0ec000fb6e5bf","FIG",40.8656000000238
"99","5748814f7fd0ec000fb6e5bf","HAWAII",27.3801000000238
"100","5748814f7fd0ec000fb6e5bf","THIRTY FOUR",28.9568999999762
"101","65ad465b1c79ea32da32e582","WRIST",20.0016999999881
"102","65ad465b1c79ea32da32e582","FIG",69.9603000000119
"103","65ad465b1c79ea32da32e582","USAIN BOLT",52.9817999999821
"104","65ad465b1c79ea32da32e582","HAWAII",27.3703000000119
"105","65ad465b1c79ea32da32e582","THIRTY FOUR",32.5923000000119
"106","5d6513f46f5284000118ef1d","WRIST",20.0008000000119
"107","5d6513f46f5284000118ef1d","FIG",69.963900000006
"108","5d6513f46f5284000118ef1d","USAIN BOLT",52.982099999994
"109","5d6513f46f5284000118ef1d","HAWAII",27.3693000000119
"110","5d6513f46f5284000118ef1d","THIRTY FOUR",32.6028000000119
"111","66310bce1a0c0e0801d40dd6","WRIST",30.4387000000179
"112","66310bce1a0c0e0801d40dd6","HAWAII",27.3673999999762
"113","66310bce1a0c0e0801d40dd6","THIRTY FOUR",36.6827999999821
"114","66310bce1a0c0e0801d40dd6","FIG",35.4185
"115","66310bce1a0c0e0801d40dd6","SHAKIRA",32.875
"116","66231fc6e1ecba676935943a","WRIST",30.4367000000477
"117","66231fc6e1ecba676935943a","HAWAII",27.3756999999285
"118","66231fc6e1ecba676935943a","THIRTY FOUR",36.695
"119","66231fc6e1ecba676935943a","FIG",35.4147999999523
"120","66231fc6e1ecba676935943a","SHAKIRA",32.8751999999285
"121","66882c4e8bcda7f9bf988fe1","WRIST",27.251
"122","66882c4e8bcda7f9bf988fe1","USAIN BOLT",21.1395
"123","66882c4e8bcda7f9bf988fe1","KENTUCKY",63.0261999999881
"124","66882c4e8bcda7f9bf988fe1","NECTARINE",43.039
"125","66882c4e8bcda7f9bf988fe1","THIRTY FOUR",41.5386999999881
"126","667981b52e50d351183dfbc6","USAIN BOLT",21.1291999998093
"127","667981b52e50d351183dfbc6","FIG",43.1496999998093
"128","667981b52e50d351183dfbc6","KENTUCKY",82.9838999996185
"129","667981b52e50d351183dfbc6","THIRTY FOUR",32.7155
"130","667981b52e50d351183dfbc6","THUMB",44.1996999998093
"131","664993e12a5b629050529e17","USAIN BOLT",21.14
"132","664993e12a5b629050529e17","FIG",43.152
"133","664993e12a5b629050529e17","KENTUCKY",82.984
"134","664993e12a5b629050529e17","THIRTY FOUR",32.709
"135","664993e12a5b629050529e17","THUMB",44.198
"136","65dcca0d187f1e33aa00fca1","FIG",17.494
"137","65dcca0d187f1e33aa00fca1","KENTUCKY",82.992
"138","65dcca0d187f1e33aa00fca1","WRIST",8.236
"139","65dcca0d187f1e33aa00fca1","USAIN BOLT",48.224
"140","65dcca0d187f1e33aa00fca1","THIRTY FOUR",22.095
"141","668c3e0bcd20a4a22d1c47ca","FIG",17.48
"142","668c3e0bcd20a4a22d1c47ca","KENTUCKY",82.989
"143","668c3e0bcd20a4a22d1c47ca","WRIST",8.893
"144","668c3e0bcd20a4a22d1c47ca","USAIN BOLT",48.229
"145","668c3e0bcd20a4a22d1c47ca","THIRTY FOUR",22.087
"146","6646c1176f77d54e29544b9e","SHAKIRA",74.3997000000179
"147","6646c1176f77d54e29544b9e","THUMB",28.5645
"148","6646c1176f77d54e29544b9e","NECTARINE",17.8925
"149","6646c1176f77d54e29544b9e","KENTUCKY",56.2118000000119
"150","6646c1176f77d54e29544b9e","THIRTY FOUR",32.600099999994
"151","5d612ae16512d700159face7","SHAKIRA",74.3961999999285
"152","5d612ae16512d700159face7","THUMB",28.5736000000238
"153","5d612ae16512d700159face7","NECTARINE",17.8941000000238
"154","5d612ae16512d700159face7","KENTUCKY",56.2181999999285
"155","5d612ae16512d700159face7","THIRTY FOUR",32.6057999999523
"156","662b24af863fd5cc1437384c","HAWAII",43.8033999999762
"157","662b24af863fd5cc1437384c","THIRTY FOUR",32.7223000000119
"158","662b24af863fd5cc1437384c","FIG",51.4605
"159","662b24af863fd5cc1437384c","USAIN BOLT",45.3306999999881
"160","662b24af863fd5cc1437384c","THUMB",23.4296999999881
"161","6640628212be4793d535e3ca","HAWAII",43.8081000000238
"162","6640628212be4793d535e3ca","THIRTY FOUR",32.7127000000179
"163","6640628212be4793d535e3ca","FIG",51.460400000006
"164","6640628212be4793d535e3ca","USAIN BOLT",45.3352000000179
"165","6640628212be4793d535e3ca","THUMB",23.428099999994
"166","65b549c67c7791499c09f8a2","THIRTY FOUR",41.5316000000238
"167","65b549c67c7791499c09f8a2","USAIN BOLT",55.3743000000715
"168","65b549c67c7791499c09f8a2","HAWAII",78.3666999999285
"169","65b549c67c7791499c09f8a2","FIG",24.7663999999762
"170","65b549c67c7791499c09f8a2","THUMB",76.4176999999285
"171","66799662d6513151e840c6af","THIRTY FOUR",41.535400000006
"172","66799662d6513151e840c6af","USAIN BOLT",55.369099999994
"173","66799662d6513151e840c6af","HAWAII",78.3758999999911
"174","66799662d6513151e840c6af","FIG",24.7755
"175","66799662d6513151e840c6af","THUMB",76.4131999999881
"176","5f04b7a99b50ac10df3a9eac","THUMB",41.1753000000119
"177","5f04b7a99b50ac10df3a9eac","KENTUCKY",38.3185999999642
"178","5f04b7a99b50ac10df3a9eac","NECTARINE",15.8148000000119
"179","5f04b7a99b50ac10df3a9eac","THIRTY FOUR",26.0636999999881
"180","5f04b7a99b50ac10df3a9eac","SHAKIRA",33.96
"181","663eed67d4b7867ab8b258ac","THUMB",41.1634000000358
"182","663eed67d4b7867ab8b258ac","KENTUCKY",38.3036000000238
"183","663eed67d4b7867ab8b258ac","NECTARINE",15.8136999999881
"184","663eed67d4b7867ab8b258ac","THIRTY FOUR",26.0750999999642
"185","663eed67d4b7867ab8b258ac","SHAKIRA",33.9616999999881
"186","65a5ba58381a45c10a471062","WRIST",54.0081000000238
"187","65a5ba58381a45c10a471062","HAWAII",64.7653999999762
"188","65a5ba58381a45c10a471062","THIRTY FOUR",28.9494000000358
"189","65a5ba58381a45c10a471062","USAIN BOLT",19.4336000000238
"190","65a5ba58381a45c10a471062","FIG",18.06
"191","5e00f9a211999fcea4169800","THIRTY FOUR",36.6951000000238
"192","5e00f9a211999fcea4169800","WRIST",60.3695
"193","5e00f9a211999fcea4169800","HAWAII",28.4031999999285
"194","5e00f9a211999fcea4169800","USAIN BOLT",55.3776000000238
"195","5e00f9a211999fcea4169800","FIG",9.80389999997616
"196","5c1942e200849900010afdcd","THIRTY FOUR",36.6858999999985
"197","5c1942e200849900010afdcd","WRIST",60.3660999999996
"198","5c1942e200849900010afdcd","HAWAII",28.4029000000004
"199","5c1942e200849900010afdcd","USAIN BOLT",55.378
"200","5c1942e200849900010afdcd","FIG",9.80019999999925
"201","66745423e75fde5ccb81d42b","THIRTY FOUR",32.5918999999762
"202","66745423e75fde5ccb81d42b","KENTUCKY",63.013
"203","66745423e75fde5ccb81d42b","SHAKIRA",33.7325999999642
"204","66745423e75fde5ccb81d42b","FIG",9.80579999995232
"205","66745423e75fde5ccb81d42b","THUMB",23.434
"206","66967c5af3c4c0d13cb52db1","THIRTY FOUR",32.5991000000238
"207","66967c5af3c4c0d13cb52db1","KENTUCKY",63.0106000000238
"208","66967c5af3c4c0d13cb52db1","SHAKIRA",33.7320999999642
"209","66967c5af3c4c0d13cb52db1","FIG",9.80739999997616
"210","66967c5af3c4c0d13cb52db1","THUMB",23.4279000000358
"211","65b9bf2250abc52ab5bb60c2","THIRTY FOUR",36.6888000000045
"212","65b9bf2250abc52ab5bb60c2","SHAKIRA",74.4033000000045
"213","65b9bf2250abc52ab5bb60c2","HAWAII",43.796200000003
"214","65b9bf2250abc52ab5bb60c2","NECTARINE",13.762700000003
"215","65b9bf2250abc52ab5bb60c2","WRIST",22.4376999999955
"216","662047d9ef8599fb4c8a00d5","THIRTY FOUR",36.6945999999046
"217","662047d9ef8599fb4c8a00d5","SHAKIRA",74.3945
"218","662047d9ef8599fb4c8a00d5","HAWAII",43.8027000000477
"219","662047d9ef8599fb4c8a00d5","NECTARINE",13.7647000000477
"220","662047d9ef8599fb4c8a00d5","WRIST",22.4372000000477
"221","5fd7782dee03dc08d3f3f491","THUMB",36.406
"222","5fd7782dee03dc08d3f3f491","NECTARINE",20.856
"223","5fd7782dee03dc08d3f3f491","USAIN BOLT",52.986
"224","5fd7782dee03dc08d3f3f491","THIRTY FOUR",26.07
"225","5fd7782dee03dc08d3f3f491","KENTUCKY",32.924
"226","6277f24d24ba4608b3fa016c","WRIST",27.242
"227","6277f24d24ba4608b3fa016c","USAIN BOLT",21.1389999999999
"228","6277f24d24ba4608b3fa016c","KENTUCKY",63.0269999999999
"229","6277f24d24ba4608b3fa016c","NECTARINE",43.026
"230","6277f24d24ba4608b3fa016c","THIRTY FOUR",41.538
"231","63d1650b103325686e22e3b7","WRIST",54.0066000000089
"232","63d1650b103325686e22e3b7","HAWAII",64.759099999994
"233","63d1650b103325686e22e3b7","THIRTY FOUR",28.9553999999911
"234","63d1650b103325686e22e3b7","USAIN BOLT",19.441099999994
"235","63d1650b103325686e22e3b7","FIG",18.0623999999911
"236","650b1963cf394af06984d0b9","THUMB",36.416
"237","650b1963cf394af06984d0b9","NECTARINE",20.869
"238","650b1963cf394af06984d0b9","USAIN BOLT",52.986
"239","650b1963cf394af06984d0b9","THIRTY FOUR",26.069
"240","650b1963cf394af06984d0b9","KENTUCKY",32.934
"241","669d2e3514022f35e47da6d8","THUMB",10.661
"242","669d2e3514022f35e47da6d8","SHAKIRA",19.691
"243","669d2e3514022f35e47da6d8","FIG",66.344
"244","669d2e3514022f35e47da6d8","HAWAII",21.522
"245","669d2e3514022f35e47da6d8","THIRTY FOUR",38.25
"246","666e20c484d272cadcc536c9","THUMB",10.662700000003
"247","666e20c484d272cadcc536c9","SHAKIRA",19.700700000003
"248","666e20c484d272cadcc536c9","FIG",66.342400000006
"249","666e20c484d272cadcc536c9","HAWAII",21.519900000006
"250","666e20c484d272cadcc536c9","THIRTY FOUR",38.2541000000089
"251","63e5517cd738b83025348a43","KENTUCKY",18.0262999999523
"252","63e5517cd738b83025348a43","FIG",23.2267000000477
"253","63e5517cd738b83025348a43","THIRTY FOUR",83.3507999999523
"254","63e5517cd738b83025348a43","SHAKIRA",33.2544000000954
"255","63e5517cd738b83025348a43","WRIST",53.062399999857
"256","667f2edfcd7d7ea5954dd47e","KENTUCKY",18.0253999999762
"257","667f2edfcd7d7ea5954dd47e","FIG",23.2216999999881
"258","667f2edfcd7d7ea5954dd47e","THIRTY FOUR",83.3473000000119
"259","667f2edfcd7d7ea5954dd47e","SHAKIRA",33.2566000000238
"260","667f2edfcd7d7ea5954dd47e","WRIST",53.058
"261","640c3e718d10af5614ee82ee","WRIST",50.2563999999762
"262","640c3e718d10af5614ee82ee","USAIN BOLT",41.3185999999642
"263","640c3e718d10af5614ee82ee","NECTARINE",79.6061999999881
"264","640c3e718d10af5614ee82ee","HAWAII",25.2781000000238
"265","640c3e718d10af5614ee82ee","THIRTY FOUR",14.9563000000119
"266","66914ab400af8a7d634121ab","WRIST",50.2488999999762
"267","66914ab400af8a7d634121ab","USAIN BOLT",41.3136999999881
"268","66914ab400af8a7d634121ab","NECTARINE",79.6126000000238
"269","66914ab400af8a7d634121ab","HAWAII",25.2860999999642
"270","66914ab400af8a7d634121ab","THIRTY FOUR",14.963
"271","610cd5f2b38b2d1bffe55477","SHAKIRA",56.414799999997
"272","610cd5f2b38b2d1bffe55477","WRIST",79.9165
"273","610cd5f2b38b2d1bffe55477","FIG",35.7276000000015
"274","610cd5f2b38b2d1bffe55477","KENTUCKY",18.0286000000015
"275","610cd5f2b38b2d1bffe55477","THIRTY FOUR",57.5335
"276","664a4342cfb111168d73bdc6","SHAKIRA",56.4187000000477
"277","664a4342cfb111168d73bdc6","WRIST",79.9235999999046
"278","664a4342cfb111168d73bdc6","FIG",35.718600000143
"279","664a4342cfb111168d73bdc6","KENTUCKY",18.0242999999523
"280","664a4342cfb111168d73bdc6","THIRTY FOUR",57.5205999999046
"281","667c5f1e4bbadc60b6a7284c","FIG",19.309
"282","667c5f1e4bbadc60b6a7284c","KENTUCKY",42.709
"283","667c5f1e4bbadc60b6a7284c","SHAKIRA",28.404
"284","667c5f1e4bbadc60b6a7284c","THIRTY FOUR",30.885
"285","667c5f1e4bbadc60b6a7284c","WRIST",21.711
"286","6633bd3bc5ec5e52e25592a4","FIG",19.286
"287","6633bd3bc5ec5e52e25592a4","KENTUCKY",42.698
"288","6633bd3bc5ec5e52e25592a4","SHAKIRA",28.403
"289","6633bd3bc5ec5e52e25592a4","THIRTY FOUR",30.887
"290","6633bd3bc5ec5e52e25592a4","WRIST",21.714
"291","6693ba811180149dc7f652c7","WRIST",79.9165999999046
"292","6693ba811180149dc7f652c7","NECTARINE",31.1945
"293","6693ba811180149dc7f652c7","USAIN BOLT",22.7337000000477
"294","6693ba811180149dc7f652c7","THIRTY FOUR",28.8118000000715
"295","6693ba811180149dc7f652c7","KENTUCKY",74.5081000000238
"296","66892a7a5d486bf277cf9bc8","WRIST",79.9268000000119
"297","66892a7a5d486bf277cf9bc8","NECTARINE",31.186900000006
"298","66892a7a5d486bf277cf9bc8","USAIN BOLT",22.739
"299","66892a7a5d486bf277cf9bc8","THIRTY FOUR",28.826400000006
"300","66892a7a5d486bf277cf9bc8","KENTUCKY",74.508599999994
"301","66892120a16e7ba60de0c1a4","THIRTY FOUR",18.3167000000477
"302","66892120a16e7ba60de0c1a4","SHAKIRA",25.1513000000715
"303","66892120a16e7ba60de0c1a4","KENTUCKY",32.259
"304","66892120a16e7ba60de0c1a4","WRIST",72.626
"305","66892120a16e7ba60de0c1a4","NECTARINE",24.5487999999523
"306","66857af993dcf9649eefd9f5","THIRTY FOUR",18.3086999999955
"307","66857af993dcf9649eefd9f5","SHAKIRA",25.144799999997
"308","66857af993dcf9649eefd9f5","KENTUCKY",32.2605
"309","66857af993dcf9649eefd9f5","WRIST",72.619200000003
"310","66857af993dcf9649eefd9f5","NECTARINE",24.5413999999985
"311","668beeeac6158723009d2b8a","FIG",16.649
"312","668beeeac6158723009d2b8a","SHAKIRA",88.063
"313","668beeeac6158723009d2b8a","KENTUCKY",57.041
"314","668beeeac6158723009d2b8a","THUMB",61.512
"315","668beeeac6158723009d2b8a","THIRTY FOUR",39.079
"316","669674e91798fcb58e3c281c","FIG",16.6646999999993
"317","669674e91798fcb58e3c281c","SHAKIRA",88.0639000000004
"318","669674e91798fcb58e3c281c","KENTUCKY",57.0404000000004
"319","669674e91798fcb58e3c281c","THUMB",61.5001000000015
"320","669674e91798fcb58e3c281c","THIRTY FOUR",39.0676999999993
"321","57dd186e6598aa0001992616","FIG",35.7208000000119
"322","57dd186e6598aa0001992616","THUMB",69.4883000000119
"323","57dd186e6598aa0001992616","SHAKIRA",16.7821999999881
"324","57dd186e6598aa0001992616","THIRTY FOUR",83.3482999999523
"325","57dd186e6598aa0001992616","KENTUCKY",57.0398000000119
"326","669bbfcf3c058df5b00aee2b","FIG",35.7219000000358
"327","669bbfcf3c058df5b00aee2b","THUMB",69.4876999999881
"328","669bbfcf3c058df5b00aee2b","SHAKIRA",16.7553999999762
"329","669bbfcf3c058df5b00aee2b","THIRTY FOUR",83.3425
"330","669bbfcf3c058df5b00aee2b","KENTUCKY",57.0503000000119
"331","666de03524464d320a1da7c5","SHAKIRA",16.7540999999046
"332","666de03524464d320a1da7c5","THIRTY FOUR",30.1182000000477
"333","666de03524464d320a1da7c5","THUMB",73.2266999999285
"334","666de03524464d320a1da7c5","FIG",68.891
"335","666de03524464d320a1da7c5","HAWAII",50.0786000000238
"336","6674413950b63d47aa726af9","HAWAII",44.8935
"337","6674413950b63d47aa726af9","WRIST",15.373
"338","6674413950b63d47aa726af9","SHAKIRA",62.9606000003815
"339","6674413950b63d47aa726af9","FIG",47.5614000000954
"340","6674413950b63d47aa726af9","THIRTY FOUR",28.0519000000954
"341","614de6895ac2892842f52ec7","HAWAII",44.897900000006
"342","614de6895ac2892842f52ec7","WRIST",15.375200000003
"343","614de6895ac2892842f52ec7","SHAKIRA",62.950400000006
"344","614de6895ac2892842f52ec7","FIG",47.569
"345","614de6895ac2892842f52ec7","THIRTY FOUR",28.051799999997
"346","6668b7620adc0e65f62c79d5","THIRTY FOUR",32.462
"347","6668b7620adc0e65f62c79d5","KENTUCKY",14.569
"348","6668b7620adc0e65f62c79d5","USAIN BOLT",41.315
"349","6668b7620adc0e65f62c79d5","FIG",66.353
"350","6668b7620adc0e65f62c79d5","THUMB",54.182
"351","65772daa307b28b9a9ec187f","THIRTY FOUR",32.4656999999881
"352","65772daa307b28b9a9ec187f","KENTUCKY",14.5776999999881
"353","65772daa307b28b9a9ec187f","USAIN BOLT",41.3158999999762
"354","65772daa307b28b9a9ec187f","FIG",66.3496999999881
"355","65772daa307b28b9a9ec187f","THUMB",54.1660999999642
"356","62cd43d66c2dd7ae9ab53ae7","USAIN BOLT",30.0754000000954
"357","62cd43d66c2dd7ae9ab53ae7","THIRTY FOUR",30.1202000002861
"358","62cd43d66c2dd7ae9ab53ae7","THUMB",69.474
"359","62cd43d66c2dd7ae9ab53ae7","NECTARINE",63.435
"360","62cd43d66c2dd7ae9ab53ae7","HAWAII",37.8292999997139
"361","66338fb1dfa77d3fd06531ad","USAIN BOLT",30.0833999999762
"362","66338fb1dfa77d3fd06531ad","THIRTY FOUR",30.1191000000238
"363","66338fb1dfa77d3fd06531ad","THUMB",69.483
"364","66338fb1dfa77d3fd06531ad","NECTARINE",63.4346999999881
"365","66338fb1dfa77d3fd06531ad","HAWAII",37.8253000000119
"366","666b7281d75f7b1b5c9e653c","WRIST",17.759
"367","666b7281d75f7b1b5c9e653c","USAIN BOLT",21.229
"368","666b7281d75f7b1b5c9e653c","THIRTY FOUR",35.716
"369","666b7281d75f7b1b5c9e653c","HAWAII",40.853
"370","666b7281d75f7b1b5c9e653c","FIG",22.501
"371","660a9e67953a82733f06c302","WRIST",17.755
"372","660a9e67953a82733f06c302","USAIN BOLT",21.226
"373","660a9e67953a82733f06c302","THIRTY FOUR",35.704
"374","660a9e67953a82733f06c302","HAWAII",40.854
"375","660a9e67953a82733f06c302","FIG",22.495
"376","666c0088634cc2e1573b49ee","THIRTY FOUR",35.719
"377","666c0088634cc2e1573b49ee","KENTUCKY",57.047
"378","666c0088634cc2e1573b49ee","SHAKIRA",66.655
"379","666c0088634cc2e1573b49ee","WRIST",27.219
"380","666c0088634cc2e1573b49ee","NECTARINE",79.601
"381","63d432e27555fb4b5785cfcd","THIRTY FOUR",35.7095
"382","63d432e27555fb4b5785cfcd","KENTUCKY",57.0412000000477
"383","63d432e27555fb4b5785cfcd","SHAKIRA",66.6610999999046
"384","63d432e27555fb4b5785cfcd","WRIST",27.2190999999046
"385","63d432e27555fb4b5785cfcd","NECTARINE",79.610899999857
"386","661fee35973b5ff6fa3418ef","KENTUCKY",34.6163000000119
"387","661fee35973b5ff6fa3418ef","NECTARINE",79.1581000000238
"388","661fee35973b5ff6fa3418ef","WRIST",21.7196999999881
"389","661fee35973b5ff6fa3418ef","USAIN BOLT",56.3893000000119
"390","661fee35973b5ff6fa3418ef","THIRTY FOUR",30.1109000000358
"391","588ab33542c8e900019d02ae","KENTUCKY",34.6101999999993
"392","588ab33542c8e900019d02ae","NECTARINE",79.1543000000007
"393","588ab33542c8e900019d02ae","WRIST",21.7136999999993
"394","588ab33542c8e900019d02ae","USAIN BOLT",56.3818000000007
"395","588ab33542c8e900019d02ae","THIRTY FOUR",30.1218000000007
"396","6659cae93e038bcb391ca5cc","SHAKIRA",16.757
"397","6659cae93e038bcb391ca5cc","THIRTY FOUR",30.124
"398","6659cae93e038bcb391ca5cc","THUMB",73.231
"399","6659cae93e038bcb391ca5cc","FIG",68.896
"400","6659cae93e038bcb391ca5cc","HAWAII",50.086
"401","5e1fd25f1160072f44b93722","WRIST",67.3317999999523
"402","5e1fd25f1160072f44b93722","HAWAII",44.5878000000119
"403","5e1fd25f1160072f44b93722","SHAKIRA",49.3299000000358
"404","5e1fd25f1160072f44b93722","THIRTY FOUR",19.56
"405","5e1fd25f1160072f44b93722","FIG",27.7049000000358
"406","6638034e01a0a512f729c6b9","WRIST",67.331
"407","6638034e01a0a512f729c6b9","HAWAII",44.588
"408","6638034e01a0a512f729c6b9","SHAKIRA",49.336
"409","6638034e01a0a512f729c6b9","THIRTY FOUR",19.55
"410","6638034e01a0a512f729c6b9","FIG",27.708
"411","665cb15c8534afbb16c0633f","NECTARINE",24.4195
"412","665cb15c8534afbb16c0633f","THIRTY FOUR",37.7912000000477
"413","665cb15c8534afbb16c0633f","USAIN BOLT",48.4375
"414","665cb15c8534afbb16c0633f","HAWAII",17.5882999999523
"415","665cb15c8534afbb16c0633f","WRIST",71.515
"416","663f61d2cf3a8a2d551183d7","NECTARINE",24.4303999998569
"417","663f61d2cf3a8a2d551183d7","THIRTY FOUR",37.7922999999523
"418","663f61d2cf3a8a2d551183d7","USAIN BOLT",48.4292999999523
"419","663f61d2cf3a8a2d551183d7","HAWAII",17.5924000000954
"420","663f61d2cf3a8a2d551183d7","WRIST",71.5077000000477
"421","65d5cccd58b48e4435f18b34","HAWAII",17.066599999994
"422","65d5cccd58b48e4435f18b34","USAIN BOLT",47.147400000006
"423","65d5cccd58b48e4435f18b34","THUMB",57.8372999999821
"424","65d5cccd58b48e4435f18b34","NECTARINE",78.8752999999821
"425","65d5cccd58b48e4435f18b34","THIRTY FOUR",31.6706999999881
"426","662939c49821886e0246c494","HAWAII",17.058
"427","662939c49821886e0246c494","USAIN BOLT",47.154
"428","662939c49821886e0246c494","THUMB",57.84
"429","662939c49821886e0246c494","NECTARINE",78.889
"430","662939c49821886e0246c494","THIRTY FOUR",31.666
"431","66744fd2d5e1d30e11ef28af","SHAKIRA",49.331
"432","66744fd2d5e1d30e11ef28af","THUMB",32.122
"433","66744fd2d5e1d30e11ef28af","FIG",28.892
"434","66744fd2d5e1d30e11ef28af","THIRTY FOUR",27.143
"435","66744fd2d5e1d30e11ef28af","KENTUCKY",27.48
"436","65ce5d8d0219b79ced7729cd","SHAKIRA",49.3230999999046
"437","65ce5d8d0219b79ced7729cd","THUMB",32.1175
"438","65ce5d8d0219b79ced7729cd","FIG",28.894
"439","65ce5d8d0219b79ced7729cd","THIRTY FOUR",27.1438999998569
"440","65ce5d8d0219b79ced7729cd","KENTUCKY",27.4785999999046
"441","6680d577ce8b233327b0272e","THIRTY FOUR",42.518900000006
"442","6680d577ce8b233327b0272e","NECTARINE",24.4241000000089
"443","6680d577ce8b233327b0272e","HAWAII",62.1136000000089
"444","6680d577ce8b233327b0272e","WRIST",71.5143000000119
"445","6680d577ce8b233327b0272e","USAIN BOLT",47.154400000006
"446","62a96f8f6ab7e0c3ce90095f","THIRTY FOUR",42.5291999999285
"447","62a96f8f6ab7e0c3ce90095f","NECTARINE",24.4248999999762
"448","62a96f8f6ab7e0c3ce90095f","HAWAII",62.117
"449","62a96f8f6ab7e0c3ce90095f","WRIST",71.508
"450","62a96f8f6ab7e0c3ce90095f","USAIN BOLT",47.1611999999285
"451","6687e7ab774852dc74bdca19","HAWAII",45.374
"452","6687e7ab774852dc74bdca19","THIRTY FOUR",16.193
"453","6687e7ab774852dc74bdca19","WRIST",85.037
"454","6687e7ab774852dc74bdca19","FIG",49.44
"455","6687e7ab774852dc74bdca19","USAIN BOLT",58.284
"456","6135e00cdb42bb8c6bc32b71","HAWAII",45.3697999999523
"457","6135e00cdb42bb8c6bc32b71","THIRTY FOUR",16.2047999999523
"458","6135e00cdb42bb8c6bc32b71","WRIST",62.3442000000477
"459","6135e00cdb42bb8c6bc32b71","FIG",49.4445
"460","6135e00cdb42bb8c6bc32b71","USAIN BOLT",58.2866000001431
"461","5ee2a663afc30b40867d4535","USAIN BOLT",62.0125
"462","5ee2a663afc30b40867d4535","THUMB",32.1086999999881
"463","5ee2a663afc30b40867d4535","NECTARINE",49.3138999999762
"464","5ee2a663afc30b40867d4535","KENTUCKY",71.7263999999762
"465","5ee2a663afc30b40867d4535","THIRTY FOUR",30.404
"466","669bc86708c5d509c44924bc","THIRTY FOUR",49.0188999999762
"467","669bc86708c5d509c44924bc","USAIN BOLT",59.4432000000477
"468","669bc86708c5d509c44924bc","FIG",28.0483000000715
"469","669bc86708c5d509c44924bc","HAWAII",36.6508000000715
"470","669bc86708c5d509c44924bc","THUMB",61.0561000000238
"471","5d6ac7e17658a1001a8c63b2","THIRTY FOUR",49.0276000001431
"472","5d6ac7e17658a1001a8c63b2","USAIN BOLT",59.4505
"473","5d6ac7e17658a1001a8c63b2","FIG",28.0519000000954
"474","5d6ac7e17658a1001a8c63b2","HAWAII",36.6602000000477
"475","5d6ac7e17658a1001a8c63b2","THUMB",61.0598000001907
"476","668ae0afbe5eedd5c5460d15","THIRTY FOUR",27.1488999999911
"477","668ae0afbe5eedd5c5460d15","NECTARINE",39.9555
"478","668ae0afbe5eedd5c5460d15","THUMB",61.052200000003
"479","668ae0afbe5eedd5c5460d15","SHAKIRA",25.5911000000089
"480","668ae0afbe5eedd5c5460d15","HAWAII",17.066700000003
"481","6630fcae418bde6a9e7c3b47","THIRTY FOUR",27.137900000006
"482","6630fcae418bde6a9e7c3b47","NECTARINE",39.9405
"483","6630fcae418bde6a9e7c3b47","THUMB",61.051
"484","6630fcae418bde6a9e7c3b47","SHAKIRA",25.592400000006
"485","6630fcae418bde6a9e7c3b47","HAWAII",17.0662000000179
"486","65df67249b9a26deefa58d75","THIRTY FOUR",31.67
"487","65df67249b9a26deefa58d75","NECTARINE",24.423
"488","65df67249b9a26deefa58d75","KENTUCKY",57.644
"489","65df67249b9a26deefa58d75","WRIST",14.843
"490","65df67249b9a26deefa58d75","SHAKIRA",41.343
"491","6653b7079f37e7ce5378b3dc","THIRTY FOUR",31.6585
"492","6653b7079f37e7ce5378b3dc","NECTARINE",24.4278000000007
"493","6653b7079f37e7ce5378b3dc","KENTUCKY",57.6276999999993
"494","6653b7079f37e7ce5378b3dc","WRIST",14.8323999999985
"495","6653b7079f37e7ce5378b3dc","SHAKIRA",41.3398999999985
"496","6682c4fcefd32e38eb8197b2","NECTARINE",57.9083999999911
"497","6682c4fcefd32e38eb8197b2","USAIN BOLT",59.450200000003
"498","6682c4fcefd32e38eb8197b2","THIRTY FOUR",16.203700000003
"499","6682c4fcefd32e38eb8197b2","KENTUCKY",71.7175
"500","6682c4fcefd32e38eb8197b2","THUMB",34.179
"501","5fa0d1a1e40401160ec4a011","NECTARINE",57.9099000000954
"502","5fa0d1a1e40401160ec4a011","USAIN BOLT",59.4497000000477
"503","5fa0d1a1e40401160ec4a011","THIRTY FOUR",16.2049000000954
"504","5fa0d1a1e40401160ec4a011","KENTUCKY",71.7177999999523
"505","5fa0d1a1e40401160ec4a011","THUMB",34.1799000000954
"506","65f0f44f1cae5992a2cc2c8b","SHAKIRA",41.3393000000007
"507","65f0f44f1cae5992a2cc2c8b","THUMB",20.3607000000011
"508","65f0f44f1cae5992a2cc2c8b","THIRTY FOUR",26.0132000000011
"509","65f0f44f1cae5992a2cc2c8b","KENTUCKY",32.2581999999993
"510","65f0f44f1cae5992a2cc2c8b","NECTARINE",18.957
"511","65dfb9ef84f2b03399eecc6c","SHAKIRA",41.3393000000715
"512","65dfb9ef84f2b03399eecc6c","THUMB",20.361
"513","65dfb9ef84f2b03399eecc6c","THIRTY FOUR",26.0085
"514","65dfb9ef84f2b03399eecc6c","KENTUCKY",32.2543999999762
"515","65dfb9ef84f2b03399eecc6c","NECTARINE",18.9496000000238
"516","6692463a3773ef328cdde1f0","WRIST",71.721
"517","6692463a3773ef328cdde1f0","SHAKIRA",25.594
"518","6692463a3773ef328cdde1f0","HAWAII",29.583
"519","6692463a3773ef328cdde1f0","NECTARINE",38.592
"520","6692463a3773ef328cdde1f0","THIRTY FOUR",53.782
"521","66814bd337692ab271dffe6e","WRIST",71.741
"522","66814bd337692ab271dffe6e","SHAKIRA",25.592
"523","66814bd337692ab271dffe6e","HAWAII",29.59
"524","66814bd337692ab271dffe6e","NECTARINE",38.595
"525","66814bd337692ab271dffe6e","THIRTY FOUR",53.781
"526","669929be12961a7c2fcf8559","THIRTY FOUR",19.563
"527","669929be12961a7c2fcf8559","FIG",28.05
"528","669929be12961a7c2fcf8559","HAWAII",36.661
"529","669929be12961a7c2fcf8559","WRIST",85.375
"530","669929be12961a7c2fcf8559","SHAKIRA",25.607
"531","66689f12db06fb05c27647b2","THIRTY FOUR",20.3113999999762
"532","66689f12db06fb05c27647b2","FIG",28.0523999999762
"533","66689f12db06fb05c27647b2","HAWAII",36.6526999999285
"534","66689f12db06fb05c27647b2","WRIST",85.3763000000715
"535","66689f12db06fb05c27647b2","SHAKIRA",25.5922000000477
"536","5ef11899b242da1e73a5b1e4","THIRTY FOUR",27.7012000000179
"537","5ef11899b242da1e73a5b1e4","HAWAII",29.5946000000238
"538","5ef11899b242da1e73a5b1e4","NECTARINE",27.2531999999881
"539","5ef11899b242da1e73a5b1e4","USAIN BOLT",47.150900000006
"540","5ef11899b242da1e73a5b1e4","THUMB",61.058900000006
"541","663a3ebfce4f0542b41546ca","THIRTY FOUR",27.696
"542","663a3ebfce4f0542b41546ca","HAWAII",29.589
"543","663a3ebfce4f0542b41546ca","NECTARINE",27.244
"544","663a3ebfce4f0542b41546ca","USAIN BOLT",47.156
"545","663a3ebfce4f0542b41546ca","THUMB",61.053
"546","6641d2f67974f4346cca44c1","WRIST",85.378
"547","6641d2f67974f4346cca44c1","KENTUCKY",83.3066000000015
"548","6641d2f67974f4346cca44c1","FIG",46.9271999999955
"549","6641d2f67974f4346cca44c1","THIRTY FOUR",29.1631000000015
"550","6641d2f67974f4346cca44c1","USAIN BOLT",58.2803999999985
"551","608841496e9715786abdcd13","WRIST",85.369
"552","608841496e9715786abdcd13","KENTUCKY",83.3057999999523
"553","608841496e9715786abdcd13","FIG",46.9266999999285
"554","608841496e9715786abdcd13","THIRTY FOUR",29.1523000000715
"555","608841496e9715786abdcd13","USAIN BOLT",58.2768999999762
"556","63d7f2153299e6f52ede9916","WRIST",89.163
"557","63d7f2153299e6f52ede9916","USAIN BOLT",28.5040999999046
"558","63d7f2153299e6f52ede9916","KENTUCKY",32.2536999998093
"559","63d7f2153299e6f52ede9916","THIRTY FOUR",28.5435999999046
"560","63d7f2153299e6f52ede9916","NECTARINE",81.3763999998569
"561","66982245404fc59cc905adfc","WRIST",89.167
"562","66982245404fc59cc905adfc","USAIN BOLT",28.513
"563","66982245404fc59cc905adfc","KENTUCKY",32.256
"564","66982245404fc59cc905adfc","THIRTY FOUR",28.535
"565","66982245404fc59cc905adfc","NECTARINE",81.376
"566","660b2346862ff2a3da9cfe3e","THUMB",77.1178000000045
"567","660b2346862ff2a3da9cfe3e","USAIN BOLT",62.0195
"568","660b2346862ff2a3da9cfe3e","HAWAII",17.067700000003
"569","660b2346862ff2a3da9cfe3e","NECTARINE",39.944700000003
"570","660b2346862ff2a3da9cfe3e","THIRTY FOUR",17.661
"571","665af31ac32544bf6323607f","THUMB",77.116
"572","665af31ac32544bf6323607f","USAIN BOLT",62.014
"573","665af31ac32544bf6323607f","HAWAII",17.061
"574","665af31ac32544bf6323607f","NECTARINE",39.946
"575","665af31ac32544bf6323607f","THIRTY FOUR",17.649
"576","65e235e4ac7b9bc14ae3e92e","USAIN BOLT",31.214
"577","65e235e4ac7b9bc14ae3e92e","THUMB",34.179
"578","65e235e4ac7b9bc14ae3e92e","FIG",46.921
"579","65e235e4ac7b9bc14ae3e92e","THIRTY FOUR",37.801
"580","65e235e4ac7b9bc14ae3e92e","KENTUCKY",75.661
"581","65f4ab7884f8411c9e11a34e","USAIN BOLT",31.2003999999762
"582","65f4ab7884f8411c9e11a34e","THUMB",34.178400000006
"583","65f4ab7884f8411c9e11a34e","FIG",46.9332000000179
"584","65f4ab7884f8411c9e11a34e","THIRTY FOUR",37.7925
"585","65f4ab7884f8411c9e11a34e","KENTUCKY",75.649599999994
"586","663a7dc83986ee24fb6ec0e6","THIRTY FOUR",28.5345
"587","663a7dc83986ee24fb6ec0e6","USAIN BOLT",62.0069000000954
"588","663a7dc83986ee24fb6ec0e6","FIG",5.435
"589","663a7dc83986ee24fb6ec0e6","WRIST",85.3802000000477
"590","663a7dc83986ee24fb6ec0e6","HAWAII",14.8065
"591","668023fa59d86547a149ae97","THIRTY FOUR",28.547700000003
"592","668023fa59d86547a149ae97","USAIN BOLT",62.009799999997
"593","668023fa59d86547a149ae97","FIG",5.42679999999702
"594","668023fa59d86547a149ae97","WRIST",85.370799999997
"595","668023fa59d86547a149ae97","HAWAII",14.8068000000045
"596","666389d35e9d93996c78bbf6","USAIN BOLT",62.0180999999046
"597","666389d35e9d93996c78bbf6","THUMB",32.1167999997139
"598","666389d35e9d93996c78bbf6","NECTARINE",49.3179000000954
"599","666389d35e9d93996c78bbf6","KENTUCKY",71.7238000001907
"600","666389d35e9d93996c78bbf6","THIRTY FOUR",30.4120999999046
"601","6652982569df798e71daaf11","USAIN BOLT",47.4914000000954
"602","6652982569df798e71daaf11","KENTUCKY",46.099
"603","6652982569df798e71daaf11","WRIST",84.0045
"604","6652982569df798e71daaf11","NECTARINE",59.9057000000477
"605","6652982569df798e71daaf11","THIRTY FOUR",24.2757000000477
"606","65eb6ffd3cd8843ed98975a5","NECTARINE",59.9042999999523
"607","65eb6ffd3cd8843ed98975a5","WRIST",67.605
"608","65eb6ffd3cd8843ed98975a5","THIRTY FOUR",61.9546999999285
"609","65eb6ffd3cd8843ed98975a5","USAIN BOLT",28.8750999999046
"610","65eb6ffd3cd8843ed98975a5","KENTUCKY",12.442
"611","66076de3ddde71f125afc1f6","NECTARINE",59.9033999999985
"612","66076de3ddde71f125afc1f6","WRIST",67.610700000003
"613","66076de3ddde71f125afc1f6","THIRTY FOUR",61.9575
"614","66076de3ddde71f125afc1f6","USAIN BOLT",28.886700000003
"615","66076de3ddde71f125afc1f6","KENTUCKY",12.445
"616","661f4cfbeabfb4f58a8ecb4c","KENTUCKY",37.3512000000477
"617","661f4cfbeabfb4f58a8ecb4c","NECTARINE",85.9673000001907
"618","661f4cfbeabfb4f58a8ecb4c","THIRTY FOUR",38.6027999999523
"619","661f4cfbeabfb4f58a8ecb4c","SHAKIRA",38.027
"620","661f4cfbeabfb4f58a8ecb4c","THUMB",12.4986999998093
"621","66749596518f556e28f505d9","KENTUCKY",37.3498000000119
"622","66749596518f556e28f505d9","NECTARINE",85.974099999994
"623","66749596518f556e28f505d9","THIRTY FOUR",38.5948999999911
"624","66749596518f556e28f505d9","SHAKIRA",38.031900000006
"625","66749596518f556e28f505d9","THUMB",12.491799999997
"626","653feb348f4df4e625de5909","WRIST",67.6070999999046
"627","653feb348f4df4e625de5909","FIG",56.0875
"628","653feb348f4df4e625de5909","THIRTY FOUR",49.528
"629","653feb348f4df4e625de5909","KENTUCKY",50.9335999999046
"630","653feb348f4df4e625de5909","SHAKIRA",38.0237999999523
"631","61686f8376bd6ff59ea15479","WRIST",67.612
"632","61686f8376bd6ff59ea15479","FIG",56.088
"633","61686f8376bd6ff59ea15479","THIRTY FOUR",49.524
"634","61686f8376bd6ff59ea15479","KENTUCKY",50.941
"635","61686f8376bd6ff59ea15479","SHAKIRA",38.03
"636","60863e5017b890dbc90d0bfb","THIRTY FOUR",23.0247999999989
"637","60863e5017b890dbc90d0bfb","HAWAII",50.4298000000007
"638","60863e5017b890dbc90d0bfb","THUMB",38.6465
"639","60863e5017b890dbc90d0bfb","FIG",52.7980999999996
"640","60863e5017b890dbc90d0bfb","SHAKIRA",38.0302999999989
"641","66929109eff4c9c070a4b123","THIRTY FOUR",23.0320999999046
"642","66929109eff4c9c070a4b123","HAWAII",50.4236999998093
"643","66929109eff4c9c070a4b123","THUMB",38.6467000000477
"644","66929109eff4c9c070a4b123","FIG",52.7935
"645","66929109eff4c9c070a4b123","SHAKIRA",38.0197999999523
"646","66958897614f900eb86ddeed","SHAKIRA",59.7817999999989
"647","66958897614f900eb86ddeed","WRIST",34.458
"648","66958897614f900eb86ddeed","THIRTY FOUR",38.1712999999989
"649","66958897614f900eb86ddeed","HAWAII",41.5270999999996
"650","66958897614f900eb86ddeed","NECTARINE",16.4265999999996
"651","662f93c33fe9ba41a6319363","SHAKIRA",59.7722999999523
"652","662f93c33fe9ba41a6319363","WRIST",34.4674000000954
"653","662f93c33fe9ba41a6319363","THIRTY FOUR",38.1697999999523
"654","662f93c33fe9ba41a6319363","HAWAII",41.5207999999523
"655","662f93c33fe9ba41a6319363","NECTARINE",16.4235999999046
"656","668d5a454e51f2df12027e26","THIRTY FOUR",25.2036999999993
"657","668d5a454e51f2df12027e26","WRIST",31.4973999999985
"658","668d5a454e51f2df12027e26","USAIN BOLT",41.3968000000007
"659","668d5a454e51f2df12027e26","NECTARINE",59.899
"660","668d5a454e51f2df12027e26","KENTUCKY",51.6868999999985
"661","61731c0ef27028acbfbbf972","THIRTY FOUR",25.193
"662","61731c0ef27028acbfbbf972","WRIST",31.499
"663","61731c0ef27028acbfbbf972","USAIN BOLT",41.405
"664","61731c0ef27028acbfbbf972","NECTARINE",59.904
"665","61731c0ef27028acbfbbf972","KENTUCKY",51.687
"666","601b28841ca7bb2f8edaa293","KENTUCKY",37.3581999999881
"667","601b28841ca7bb2f8edaa293","THIRTY FOUR",25.1920999999642
"668","601b28841ca7bb2f8edaa293","FIG",52.7933999999762
"669","601b28841ca7bb2f8edaa293","THUMB",27.6496999999881
"670","601b28841ca7bb2f8edaa293","USAIN BOLT",27.0643000000119
"671","6601acd8481d967fb8e752a7","KENTUCKY",37.3583999999762
"672","6601acd8481d967fb8e752a7","THIRTY FOUR",25.1938999999762
"673","6601acd8481d967fb8e752a7","FIG",52.7939000000358
"674","6601acd8481d967fb8e752a7","THUMB",27.6438000000119
"675","6601acd8481d967fb8e752a7","USAIN BOLT",27.0621999999881
"676","6665cd88654aed261dac715c","USAIN BOLT",87.9006999999993
"677","6665cd88654aed261dac715c","KENTUCKY",37.345299999997
"678","6665cd88654aed261dac715c","THIRTY FOUR",49.5269000000022
"679","6665cd88654aed261dac715c","FIG",67.1621999999993
"680","6665cd88654aed261dac715c","THUMB",56.3006999999993
"681","6544d818cdf50c46906dbf07","NECTARINE",55.647799999997
"682","6544d818cdf50c46906dbf07","THIRTY FOUR",23.028
"683","6544d818cdf50c46906dbf07","HAWAII",74.8788999999911
"684","6544d818cdf50c46906dbf07","SHAKIRA",54.713799999997
"685","6544d818cdf50c46906dbf07","THUMB",18.127900000006
"686","65cb708afe5755feaeec417f","NECTARINE",55.6391000000015
"687","65cb708afe5755feaeec417f","THIRTY FOUR",23.025299999997
"688","65cb708afe5755feaeec417f","HAWAII",74.8781999999955
"689","65cb708afe5755feaeec417f","SHAKIRA",54.707299999997
"690","65cb708afe5755feaeec417f","THUMB",18.126700000003
"691","6685abbd83e060274844e7f2","HAWAII",41.9471000000238
"692","6685abbd83e060274844e7f2","SHAKIRA",32.2005
"693","6685abbd83e060274844e7f2","THIRTY FOUR",33.6538999999762
"694","6685abbd83e060274844e7f2","WRIST",67.6036999999285
"695","6685abbd83e060274844e7f2","NECTARINE",31.916
"696","663a5c3ef84d9c74ea3c07a1","HAWAII",41.934
"697","663a5c3ef84d9c74ea3c07a1","SHAKIRA",32.205
"698","663a5c3ef84d9c74ea3c07a1","THIRTY FOUR",33.665
"699","663a5c3ef84d9c74ea3c07a1","WRIST",67.597
"700","663a5c3ef84d9c74ea3c07a1","NECTARINE",31.914
"701","6695541a6e0d986b02c25dd9","HAWAII",41.943599999994
"702","6695541a6e0d986b02c25dd9","FIG",29.335799999997
"703","6695541a6e0d986b02c25dd9","SHAKIRA",37.405
"704","6695541a6e0d986b02c25dd9","THIRTY FOUR",25.203200000003
"705","6695541a6e0d986b02c25dd9","WRIST",67.5013000000119
"706","65c523100ad7bf41ef536598","HAWAII",41.950799999997
"707","65c523100ad7bf41ef536598","FIG",29.335299999997
"708","65c523100ad7bf41ef536598","SHAKIRA",37.4128000000119
"709","65c523100ad7bf41ef536598","THIRTY FOUR",25.194799999997
"710","65c523100ad7bf41ef536598","WRIST",67.4913999999911
"711","5a791168f49c9a0001f31061","THIRTY FOUR",38.169099999994
"712","5a791168f49c9a0001f31061","KENTUCKY",41.077799999997
"713","5a791168f49c9a0001f31061","SHAKIRA",38.025900000006
"714","5a791168f49c9a0001f31061","FIG",10.778299999997
"715","5a791168f49c9a0001f31061","WRIST",28.738099999994
"716","6686eda3f5bea9f320d9376d","THIRTY FOUR",38.1713999999762
"717","6686eda3f5bea9f320d9376d","KENTUCKY",41.0816000000238
"718","6686eda3f5bea9f320d9376d","SHAKIRA",38.0253000000715
"719","6686eda3f5bea9f320d9376d","FIG",10.7731000000238
"720","6686eda3f5bea9f320d9376d","WRIST",28.7333000000715
"721","638fdf87700dd1228bade2e1","THIRTY FOUR",40.6345999999046
"722","638fdf87700dd1228bade2e1","USAIN BOLT",19.3197000002861
"723","638fdf87700dd1228bade2e1","THUMB",759.004400000095
"724","638fdf87700dd1228bade2e1","HAWAII",26.0966999998093
"725","638fdf87700dd1228bade2e1","FIG",29.3323000001907
"726","6690464404e2d3a5271a608d","THIRTY FOUR",38.597
"727","6690464404e2d3a5271a608d","USAIN BOLT",19.3314000000954
"728","6690464404e2d3a5271a608d","THUMB",66.1181000000238
"729","6690464404e2d3a5271a608d","HAWAII",26.0974000000954
"730","6690464404e2d3a5271a608d","FIG",29.3395
"731","665787be40f706e2b22ce6c1","SHAKIRA",54.7095
"732","665787be40f706e2b22ce6c1","THIRTY FOUR",21.172
"733","665787be40f706e2b22ce6c1","NECTARINE",16.4151000000089
"734","665787be40f706e2b22ce6c1","HAWAII",38.17
"735","665787be40f706e2b22ce6c1","THUMB",20.4453000000119
"736","668ccc0547aefd19511d7780","SHAKIRA",54.7056999999881
"737","668ccc0547aefd19511d7780","THIRTY FOUR",21.1685
"738","668ccc0547aefd19511d7780","NECTARINE",16.4185
"739","668ccc0547aefd19511d7780","HAWAII",38.1761000000238
"740","668ccc0547aefd19511d7780","THUMB",20.4556999999881
"741","6632ac1fa19e8464a16ce9da","THUMB",12.4876999998093
"742","6632ac1fa19e8464a16ce9da","SHAKIRA",37.4106999998093
"743","6632ac1fa19e8464a16ce9da","HAWAII",29.9560999999046
"744","6632ac1fa19e8464a16ce9da","THIRTY FOUR",23.0326999998093
"745","6632ac1fa19e8464a16ce9da","NECTARINE",71.8399000000954
"746","601f5a82dc8ed94a9da4461e","THUMB",12.4889000000358
"747","601f5a82dc8ed94a9da4461e","SHAKIRA",37.402
"748","601f5a82dc8ed94a9da4461e","HAWAII",29.9561999999881
"749","601f5a82dc8ed94a9da4461e","THIRTY FOUR",23.0375
"750","601f5a82dc8ed94a9da4461e","NECTARINE",71.8553999999762
"751","6681e42776233b2b8b2510e0","WRIST",27.7055
"752","6681e42776233b2b8b2510e0","FIG",22.1956999999285
"753","6681e42776233b2b8b2510e0","THIRTY FOUR",49.5232000000477
"754","6681e42776233b2b8b2510e0","SHAKIRA",54.7022999999523
"755","6681e42776233b2b8b2510e0","HAWAII",41.9483000000715
"756","65a2bc0d60b1e46f4e1d3cc8","HAWAII",37.914
"757","65a2bc0d60b1e46f4e1d3cc8","THUMB",82.9543999999762
"758","65a2bc0d60b1e46f4e1d3cc8","THIRTY FOUR",25.1921000000238
"759","65a2bc0d60b1e46f4e1d3cc8","SHAKIRA",27.1326000000238
"760","65a2bc0d60b1e46f4e1d3cc8","FIG",28.0121000000238
"761","66834c57f0317d8e753b7bcd","HAWAII",37.9011999998093
"762","66834c57f0317d8e753b7bcd","THUMB",82.9664000000954
"763","66834c57f0317d8e753b7bcd","THIRTY FOUR",25.2042000000477
"764","66834c57f0317d8e753b7bcd","SHAKIRA",27.1237000000477
"765","66834c57f0317d8e753b7bcd","FIG",28.0194000000954
"766","6419cedec2078147e5682474","HAWAII",74.8781000000238
"767","6419cedec2078147e5682474","THIRTY FOUR",61.2105
"768","6419cedec2078147e5682474","NECTARINE",21.2154000000954
"769","6419cedec2078147e5682474","THUMB",56.3003000000715
"770","6419cedec2078147e5682474","SHAKIRA",28.3902999999523
"771","66686462a0a88f628ca1423c","HAWAII",74.875099999994
"772","66686462a0a88f628ca1423c","THIRTY FOUR",61.2196000000238
"773","66686462a0a88f628ca1423c","NECTARINE",21.2231999999881
"774","66686462a0a88f628ca1423c","THUMB",56.3001999999881
"775","66686462a0a88f628ca1423c","SHAKIRA",28.397900000006
"776","665a7fc4fe1aa4041807cad1","THIRTY FOUR",21.1695
"777","665a7fc4fe1aa4041807cad1","KENTUCKY",46.5378000000119
"778","665a7fc4fe1aa4041807cad1","WRIST",84.002
"779","665a7fc4fe1aa4041807cad1","NECTARINE",31.9195
"780","665a7fc4fe1aa4041807cad1","SHAKIRA",53.179799999997
"781","665de165057136a924eda46a","THIRTY FOUR",21.184
"782","665de165057136a924eda46a","KENTUCKY",46.549299999997
"783","665de165057136a924eda46a","WRIST",83.998
"784","665de165057136a924eda46a","NECTARINE",31.9178999999911
"785","665de165057136a924eda46a","SHAKIRA",53.174599999994
"786","668027b9809f48e85f664723","USAIN BOLT",47.4826999999993
"787","668027b9809f48e85f664723","KENTUCKY",46.0916999999993
"788","668027b9809f48e85f664723","WRIST",83.999
"789","668027b9809f48e85f664723","NECTARINE",59.8987000000011
"790","668027b9809f48e85f664723","THIRTY FOUR",24.2844000000004
"791","65ccca52871269168cc029b5","USAIN BOLT",87.9055
"792","65ccca52871269168cc029b5","KENTUCKY",37.351400000006
"793","65ccca52871269168cc029b5","THIRTY FOUR",49.5216000000238
"794","65ccca52871269168cc029b5","FIG",67.165
"795","65ccca52871269168cc029b5","THUMB",56.3135
"796","66625801c143ca548bcac338","WRIST",27.7
"797","66625801c143ca548bcac338","FIG",22.2121999999881
"798","66625801c143ca548bcac338","THIRTY FOUR",49.5345
"799","66625801c143ca548bcac338","SHAKIRA",54.7025
"800","66625801c143ca548bcac338","HAWAII",41.9386000000238
"801","656e0dab178ffccdaa47202e","KENTUCKY",22.3451000001431
"802","656e0dab178ffccdaa47202e","FIG",50.9573999998569
"803","656e0dab178ffccdaa47202e","SHAKIRA",15.8515
"804","656e0dab178ffccdaa47202e","WRIST",38.0867000000477
"805","656e0dab178ffccdaa47202e","THIRTY FOUR",27.5287000000477
"806","5d7fec0793bb8600164dd05f","KENTUCKY",22.3401000003815
"807","5d7fec0793bb8600164dd05f","FIG",50.9478000001907
"808","5d7fec0793bb8600164dd05f","SHAKIRA",15.8315
"809","5d7fec0793bb8600164dd05f","WRIST",38.0775
"810","5d7fec0793bb8600164dd05f","THIRTY FOUR",27.5351999998093
"811","61004e962509f21ce295df3d","THIRTY FOUR",34.6723999998569
"812","61004e962509f21ce295df3d","THUMB",33.3292999999523
"813","61004e962509f21ce295df3d","HAWAII",52.9512000000477
"814","61004e962509f21ce295df3d","USAIN BOLT",23.0913000001907
"815","61004e962509f21ce295df3d","NECTARINE",40.8204000000954
"816","5bac1d9dc1155b0001175e55","THIRTY FOUR",34.6741000000015
"817","5bac1d9dc1155b0001175e55","THUMB",33.324200000003
"818","5bac1d9dc1155b0001175e55","HAWAII",52.957200000003
"819","5bac1d9dc1155b0001175e55","USAIN BOLT",23.0983000000045
"820","5bac1d9dc1155b0001175e55","NECTARINE",40.8338999999985
"821","6690315bfff7b15d27055428","SHAKIRA",15.143400000006
"822","6690315bfff7b15d27055428","FIG",8.34160000000894
"823","6690315bfff7b15d27055428","WRIST",45.693099999994
"824","6690315bfff7b15d27055428","HAWAII",35.2243000000119
"825","6690315bfff7b15d27055428","THIRTY FOUR",27.533
"826","668557c57d3089ceba4a2d09","SHAKIRA",15.144400000006
"827","668557c57d3089ceba4a2d09","FIG",8.35069999998808
"828","668557c57d3089ceba4a2d09","WRIST",45.6957000000179
"829","668557c57d3089ceba4a2d09","HAWAII",35.232599999994
"830","668557c57d3089ceba4a2d09","THIRTY FOUR",27.5335
"831","669b7eb7fd33b2a8e2502ab6","THIRTY FOUR",14.6795
"832","669b7eb7fd33b2a8e2502ab6","KENTUCKY",44.1942000000002
"833","669b7eb7fd33b2a8e2502ab6","USAIN BOLT",22.5047999999998
"834","669b7eb7fd33b2a8e2502ab6","FIG",43.3301999999993
"835","669b7eb7fd33b2a8e2502ab6","WRIST",31.2222999999998
"836","5d74001d391b6600175f433b","THIRTY FOUR",14.6755
"837","5d74001d391b6600175f433b","KENTUCKY",44.208
"838","5d74001d391b6600175f433b","USAIN BOLT",22.5102999999998
"839","5d74001d391b6600175f433b","FIG",43.3434000000004
"840","5d74001d391b6600175f433b","WRIST",31.2276999999993
"841","665600778ac0edc5607cbfdd","THIRTY FOUR",35.7076000000238
"842","665600778ac0edc5607cbfdd","KENTUCKY",73.1682000000477
"843","665600778ac0edc5607cbfdd","THUMB",69.6931999999881
"844","665600778ac0edc5607cbfdd","SHAKIRA",15.8361999999881
"845","665600778ac0edc5607cbfdd","FIG",13.8014000000358
"846","6544fd84cf4e51f1de212e54","THIRTY FOUR",35.714599999994
"847","6544fd84cf4e51f1de212e54","KENTUCKY",73.168900000006
"848","6544fd84cf4e51f1de212e54","THUMB",69.696900000006
"849","6544fd84cf4e51f1de212e54","SHAKIRA",15.838900000006
"850","6544fd84cf4e51f1de212e54","FIG",13.8055
"851","5a6eac90d5d4cb0001d6815a","THIRTY FOUR",34.2153999999999
"852","5a6eac90d5d4cb0001d6815a","USAIN BOLT",33.6438000000003
"853","5a6eac90d5d4cb0001d6815a","WRIST",38.0703999999999
"854","5a6eac90d5d4cb0001d6815a","HAWAII",10.3195
"855","5a6eac90d5d4cb0001d6815a","NECTARINE",55.2762999999998
"856","666a13a91d6ab318e467374c","THIRTY FOUR",34.2113999999911
"857","666a13a91d6ab318e467374c","USAIN BOLT",33.6498999999911
"858","666a13a91d6ab318e467374c","WRIST",38.067200000003
"859","666a13a91d6ab318e467374c","HAWAII",10.317799999997
"860","666a13a91d6ab318e467374c","NECTARINE",55.293200000003
"861","60ddfe929fff846f04cd2c95","SHAKIRA",15.147
"862","60ddfe929fff846f04cd2c95","WRIST",29.633
"863","60ddfe929fff846f04cd2c95","THIRTY FOUR",23.177
"864","60ddfe929fff846f04cd2c95","NECTARINE",29.532
"865","60ddfe929fff846f04cd2c95","HAWAII",10.328
"866","6107c50be2e5dbf6274d4657","SHAKIRA",15.146
"867","6107c50be2e5dbf6274d4657","WRIST",29.627
"868","6107c50be2e5dbf6274d4657","THIRTY FOUR",23.167
"869","6107c50be2e5dbf6274d4657","NECTARINE",29.535
"870","6107c50be2e5dbf6274d4657","HAWAII",10.315
"871","669aecb075f22207e8e8d2ef","KENTUCKY",19.535400000006
"872","669aecb075f22207e8e8d2ef","THUMB",69.6956000000089
"873","669aecb075f22207e8e8d2ef","SHAKIRA",51.215
"874","669aecb075f22207e8e8d2ef","THIRTY FOUR",51.5223999999911
"875","669aecb075f22207e8e8d2ef","NECTARINE",38.5135
"876","62dc6fd89dd8473b3671357e","KENTUCKY",19.531
"877","62dc6fd89dd8473b3671357e","THUMB",69.691400000006
"878","62dc6fd89dd8473b3671357e","SHAKIRA",51.218299999997
"879","62dc6fd89dd8473b3671357e","THIRTY FOUR",51.533599999994
"880","62dc6fd89dd8473b3671357e","NECTARINE",38.5206000000015
"881","667dd2e8aebd2f94fe977b31","HAWAII",64.774
"882","667dd2e8aebd2f94fe977b31","THIRTY FOUR",51.526
"883","667dd2e8aebd2f94fe977b31","THUMB",41.545
"884","667dd2e8aebd2f94fe977b31","SHAKIRA",41.577
"885","667dd2e8aebd2f94fe977b31","FIG",31.127
"886","6630fac492718fc11f67ca05","HAWAII",64.773100000143
"887","6630fac492718fc11f67ca05","THIRTY FOUR",51.5235
"888","6630fac492718fc11f67ca05","THUMB",41.5479000000954
"889","6630fac492718fc11f67ca05","SHAKIRA",41.5744000000954
"890","6630fac492718fc11f67ca05","FIG",31.124
"891","66803a896850f7964079120f","WRIST",29.620700000003
"892","66803a896850f7964079120f","HAWAII",53.2291000000089
"893","66803a896850f7964079120f","THIRTY FOUR",20.160900000006
"894","66803a896850f7964079120f","NECTARINE",39.106
"895","66803a896850f7964079120f","SHAKIRA",51.2188999999911
"896","66924bc95c72455b31b5c5ac","WRIST",29.63
"897","66924bc95c72455b31b5c5ac","HAWAII",53.241
"898","66924bc95c72455b31b5c5ac","THIRTY FOUR",20.152
"899","66924bc95c72455b31b5c5ac","NECTARINE",39.094
"900","66924bc95c72455b31b5c5ac","SHAKIRA",51.207
"901","60f4a2d142c69dc1121b6dbf","THUMB",28.094700000003
"902","60f4a2d142c69dc1121b6dbf","NECTARINE",39.1026000000015
"903","60f4a2d142c69dc1121b6dbf","THIRTY FOUR",26.670200000003
"904","60f4a2d142c69dc1121b6dbf","KENTUCKY",84.5315
"905","60f4a2d142c69dc1121b6dbf","SHAKIRA",40.846700000003
"906","5e9e19d808b9931ef37373c6","THUMB",28.102
"907","5e9e19d808b9931ef37373c6","NECTARINE",39.1076999999993
"908","5e9e19d808b9931ef37373c6","THIRTY FOUR",26.6690999999996
"909","5e9e19d808b9931ef37373c6","KENTUCKY",84.5426999999993
"910","5e9e19d808b9931ef37373c6","SHAKIRA",40.851200000003
"911","669a46079b232cffded0d413","THIRTY FOUR",34.298
"912","669a46079b232cffded0d413","THUMB",63.471
"913","669a46079b232cffded0d413","HAWAII",49.951
"914","669a46079b232cffded0d413","FIG",13.865
"915","669a46079b232cffded0d413","USAIN BOLT",23.103
"916","615dbec57d764bf5ab0a56e5","THIRTY FOUR",34.2178999998569
"917","615dbec57d764bf5ab0a56e5","THUMB",63.4184000000954
"918","615dbec57d764bf5ab0a56e5","HAWAII",49.9427000000477
"919","615dbec57d764bf5ab0a56e5","FIG",13.805
"920","615dbec57d764bf5ab0a56e5","USAIN BOLT",23.1061000001431
"921","6643ad1d6324582f8867c01a","WRIST",44.018799999997
"922","6643ad1d6324582f8867c01a","USAIN BOLT",22.5125
"923","6643ad1d6324582f8867c01a","KENTUCKY",77.9655
"924","6643ad1d6324582f8867c01a","THIRTY FOUR",17.633
"925","6643ad1d6324582f8867c01a","NECTARINE",34.5446000000089
"926","630cc9747cb664e8a03c29f0","WRIST",44.023
"927","630cc9747cb664e8a03c29f0","USAIN BOLT",22.511
"928","630cc9747cb664e8a03c29f0","KENTUCKY",77.956
"929","630cc9747cb664e8a03c29f0","THIRTY FOUR",17.626
"930","630cc9747cb664e8a03c29f0","NECTARINE",34.552
"931","669d682efab2137fa356f7ba","HAWAII",35.23
"932","669d682efab2137fa356f7ba","THIRTY FOUR",36.907
"933","669d682efab2137fa356f7ba","NECTARINE",38.516
"934","669d682efab2137fa356f7ba","SHAKIRA",40.845
"935","669d682efab2137fa356f7ba","WRIST",12.089
"936","6664f2a4df585dff20e4c1a1","HAWAII",35.226599999994
"937","6664f2a4df585dff20e4c1a1","THIRTY FOUR",36.9165
"938","6664f2a4df585dff20e4c1a1","NECTARINE",38.5296999999881
"939","6664f2a4df585dff20e4c1a1","SHAKIRA",40.8556000000238
"940","6664f2a4df585dff20e4c1a1","WRIST",12.102099999994
"941","667ab64e047d4032dcc8be52","USAIN BOLT",22.5021000000238
"942","667ab64e047d4032dcc8be52","HAWAII",10.315
"943","667ab64e047d4032dcc8be52","NECTARINE",72.9330999999642
"944","667ab64e047d4032dcc8be52","THIRTY FOUR",18.3308000000119
"945","667ab64e047d4032dcc8be52","THUMB",52.183
"946","669f0b253edc47d2e7ffd8c9","USAIN BOLT",22.5046999999881
"947","669f0b253edc47d2e7ffd8c9","HAWAII",10.321099999994
"948","669f0b253edc47d2e7ffd8c9","NECTARINE",72.929900000006
"949","669f0b253edc47d2e7ffd8c9","THIRTY FOUR",18.3418000000119
"950","669f0b253edc47d2e7ffd8c9","THUMB",52.180099999994
"951","66441c9e616f79e9d27738d3","NECTARINE",78.109599999994
"952","66441c9e616f79e9d27738d3","THIRTY FOUR",20.145200000003
"953","66441c9e616f79e9d27738d3","HAWAII",25.366
"954","66441c9e616f79e9d27738d3","SHAKIRA",51.2135
"955","66441c9e616f79e9d27738d3","THUMB",44.65
"956","63d2eec88a81e2462be70762","NECTARINE",78.1105
"957","63d2eec88a81e2462be70762","THIRTY FOUR",20.143
"958","63d2eec88a81e2462be70762","HAWAII",25.3613999999985
"959","63d2eec88a81e2462be70762","SHAKIRA",51.2046999999993
"960","63d2eec88a81e2462be70762","THUMB",44.6553999999985
"961","669202f5e7b5f2d98974f65a","SHAKIRA",15.8368999999762
"962","669202f5e7b5f2d98974f65a","KENTUCKY",22.3426000000238
"963","669202f5e7b5f2d98974f65a","NECTARINE",72.9264000000954
"964","669202f5e7b5f2d98974f65a","THIRTY FOUR",20.1488999999762
"965","669202f5e7b5f2d98974f65a","WRIST",29.6195
"966","662d7fba32d6a738b194d893","SHAKIRA",15.835400000006
"967","662d7fba32d6a738b194d893","KENTUCKY",22.3395
"968","662d7fba32d6a738b194d893","NECTARINE",72.9207999999821
"969","662d7fba32d6a738b194d893","THIRTY FOUR",20.1402000000179
"970","662d7fba32d6a738b194d893","WRIST",29.632599999994
"971","66413abd57f96e210a9cfe13","KENTUCKY",34.1226000001431
"972","66413abd57f96e210a9cfe13","USAIN BOLT",22.5077999999523
"973","66413abd57f96e210a9cfe13","FIG",27.152
"974","66413abd57f96e210a9cfe13","THIRTY FOUR",36.0257999999523
"975","66413abd57f96e210a9cfe13","THUMB",63.4312000000477
"976","66800683809f48e85f663f86","KENTUCKY",34.1201000000089
"977","66800683809f48e85f663f86","USAIN BOLT",22.503099999994
"978","66800683809f48e85f663f86","FIG",27.149099999994
"979","66800683809f48e85f663f86","THIRTY FOUR",36.0278999999911
"980","66800683809f48e85f663f86","THUMB",63.419
"981","5c3820ee1ede2b0001155929","HAWAII",55.131299999997
"982","5c3820ee1ede2b0001155929","NECTARINE",86.333599999994
"983","5c3820ee1ede2b0001155929","THIRTY FOUR",36.0243999999911
"984","5c3820ee1ede2b0001155929","USAIN BOLT",33.635599999994
"985","5c3820ee1ede2b0001155929","THUMB",33.320700000003
"986","65c25e3de8b230c294f2b32c","HAWAII",55.1321000000238
"987","65c25e3de8b230c294f2b32c","NECTARINE",86.3288000000119
"988","65c25e3de8b230c294f2b32c","THIRTY FOUR",36.0197000000477
"989","65c25e3de8b230c294f2b32c","USAIN BOLT",33.6398000000119
"990","65c25e3de8b230c294f2b32c","THUMB",33.3271000000238
"991","66978d2616be96682f9f87ed","USAIN BOLT",49.378099999994
"992","66978d2616be96682f9f87ed","WRIST",31.2478000000119
"993","66978d2616be96682f9f87ed","HAWAII",35.516
"994","66978d2616be96682f9f87ed","FIG",31.1165
"995","66978d2616be96682f9f87ed","THIRTY FOUR",28.2506999999881
"996","6650c46dc4f3ab332602c04b","USAIN BOLT",49.359799999997
"997","6650c46dc4f3ab332602c04b","WRIST",31.230900000006
"998","6650c46dc4f3ab332602c04b","HAWAII",35.4971999999881
"999","6650c46dc4f3ab332602c04b","FIG",31.114
"1000","6650c46dc4f3ab332602c04b","THIRTY FOUR",28.2466999999881
